"id";"user_id";"article_image";"article_name";"address";"map";"comments";"created_at"
1;0;"";"太陽ビルディング";"テスト";"";"";"2019-02-17 10:44:46"
2;0;"";"太陽ビルディング";"テスト";"";"";"2019-02-17 10:49:13"
3;0;"";"太陽ビルディング";"tes";"";"";"2019-02-17 10:50:24"
4;0;"";"太陽ビルディング";"tesuto";"";"";"2019-02-17 10:57:01"
5;0;"";"太陽ビルディング";"テスト";"";"テスト";"2019-02-17 11:01:01"
6;0;"";"太陽ビルディング";"テスト";"";"テスト";"2019-02-17 11:01:37"
7;0;"";"太陽ビルディング";"テスト";"";"テスト";"2019-02-17 11:02:15"
8;0;"";"太陽ビルディング";"テスト";"";"テスト";"2019-02-17 11:04:17"
9;0;"[]";"太陽ビルディング";"テスト";"https://www.google.co.jp/maps/place/%E6%9D%B1%E4%BA%AC%E9%83%BD%E6%9D%B1%E4%BA%AC/@35.669107,139.600952,11z/data=!3m1!4b1!4m5!3m4!1s0x60188b857628235d:0xcdd8aef709a2b520!8m2!3d35.7090259!4d139.7319925";"テスト";"2019-02-17 11:10:38"
10;7;"[]";"太陽ビルディング";"テスト";"https://www.google.co.jp/maps/place/%E6%9D%B1%E4%BA%AC%E9%83%BD%E6%9D%B1%E4%BA%AC/@35.669107,139.600952,11z/data=!3m1!4b1!4m5!3m4!1s0x60188b857628235d:0xcdd8aef709a2b520!8m2!3d35.7090259!4d139.7319925";"テスト";"2019-02-17 11:22:45"
11;7;"[]";"太陽ビルディング";"テスト";"https://www.google.co.jp/maps/place/%E6%9D%B1%E4%BA%AC%E9%83%BD%E6%9D%B1%E4%BA%AC/@35.669107,139.600952,11z/data=!3m1!4b1!4m5!3m4!1s0x60188b857628235d:0xcdd8aef709a2b520!8m2!3d35.7090259!4d139.7319925";"テスト";"2019-02-17 11:23:18"
12;7;"002p2.jpg";"太陽ビルディング";"テスト";"https://www.google.co.jp/maps/place/%E6%9D%B1%E4%BA%AC%E9%83%BD%E6%9D%B1%E4%BA%AC/@35.669107,139.600952,11z/data=!3m1!4b1!4m5!3m4!1s0x60188b857628235d:0xcdd8aef709a2b520!8m2!3d35.7090259!4d139.7319925";"テスト";"2019-02-17 11:28:56"
13;7;"['009p2.jpg', '009p3.jpg']";"太陽ビルディング";"テスト";"https://www.google.co.jp/maps/place/%E6%9D%B1%E4%BA%AC%E9%83%BD%E6%9D%B1%E4%BA%AC/@35.669107,139.600952,11z/data=!3m1!4b1!4m5!3m4!1s0x60188b857628235d:0xcdd8aef709a2b520!8m2!3d35.7090259!4d139.7319925";"テスト";"2019-02-17 12:17:20"
14;7;"['009p2.jpg', '009p3.jpg']";"太陽ビルディング";"てすと　";"https://www.google.co.jp/maps/place/%E6%9D%B1%E4%BA%AC%E9%83%BD%E6%9D%B1%E4%BA%AC/@35.669107,139.600952,11z/data=!3m1!4b1!4m5!3m4!1s0x60188b857628235d:0xcdd8aef709a2b520!8m2!3d35.7090259!4d139.7319925";"テスト";"2019-02-17 12:44:54"
15;7;"['009p3.jpg']";"太陽ビルディング";"scas";"https://www.google.co.jp/maps/place/%E6%9D%B1%E4%BA%AC%E9%83%BD%E6%9D%B1%E4%BA%AC/@35.669107,139.600952,11z/data=!3m1!4b1!4m5!3m4!1s0x60188b857628235d:0xcdd8aef709a2b520!8m2!3d35.7090259!4d139.7319925";"ccccc";"2019-02-17 12:49:15"
16;7;"['nin_img.png', 'ninin_image.png']";"太陽ビルディング";"テスト";"https://www.google.co.jp/maps/place/%E6%9D%B1%E4%BA%AC%E9%83%BD%E6%9D%B1%E4%BA%AC/@35.669107,139.600952,11z/data=!3m1!4b1!4m5!3m4!1s0x60188b857628235d:0xcdd8aef709a2b520!8m2!3d35.7090259!4d139.7319925";"テスト";"2019-02-17 14:16:29"
17;7;"['002p2.jpg']";"太陽ビルディング";"テスト";"https://www.google.co.jp/maps/place/%E6%9D%B1%E4%BA%AC%E9%83%BD%E6%9D%B1%E4%BA%AC/@35.669107,139.600952,11z/data=!3m1!4b1!4m5!3m4!1s0x60188b857628235d:0xcdd8aef709a2b520!8m2!3d35.7090259!4d139.7319925";"テスト";"2019-02-17 14:21:17"
18;7;"['002p2.jpg', '002p5.jpg']";"太陽ビルディング";"テスト";"https://www.google.co.jp/maps/place/%E6%9D%B1%E4%BA%AC%E9%83%BD%E6%9D%B1%E4%BA%AC/@35.669107,139.600952,11z/data=!3m1!4b1!4m5!3m4!1s0x60188b857628235d:0xcdd8aef709a2b520!8m2!3d35.7090259!4d139.7319925";"テスト";"2019-02-17 14:26:51"
19;7;"['005p2.jpg']";"太陽ビルディング";"test";"https://www.google.co.jp/maps/place/%E6%9D%B1%E4%BA%AC%E9%83%BD%E6%9D%B1%E4%BA%AC/@35.669107,139.600952,11z/data=!3m1!4b1!4m5!3m4!1s0x60188b857628235d:0xcdd8aef709a2b520!8m2!3d35.7090259!4d139.7319925";"test";"2019-02-17 14:40:37"
20;7;"['wanko.png']";"太陽ビルディング";"テスト";"https://www.google.co.jp/maps/place/%E6%9D%B1%E4%BA%AC%E9%83%BD%E6%9D%B1%E4%BA%AC/@35.669107,139.600952,11z/data=!3m1!4b1!4m5!3m4!1s0x60188b857628235d:0xcdd8aef709a2b520!8m2!3d35.7090259!4d139.7319925";"テスト";"2019-02-17 15:05:45"
21;7;"['top2.jpg']";"太陽ビルディング";"テスト";"https://www.google.co.jp/maps/place/%E6%9D%B1%E4%BA%AC%E9%83%BD%E6%9D%B1%E4%BA%AC/@35.669107,139.600952,11z/data=!3m1!4b1!4m5!3m4!1s0x60188b857628235d:0xcdd8aef709a2b520!8m2!3d35.7090259!4d139.7319925";"テスト";"2019-02-17 15:24:27"
22;7;"['002p2.jpg', '002p5.jpg', '005p2.jpg']";"太陽ビルディング";"テスト";"https://www.google.co.jp/maps/place/%E6%9D%B1%E4%BA%AC%E9%83%BD%E6%9D%B1%E4%BA%AC/@35.669107,139.600952,11z/data=!3m1!4b1!4m5!3m4!1s0x60188b857628235d:0xcdd8aef709a2b520!8m2!3d35.7090259!4d139.7319925";"テスト";"2019-02-18 02:58:37"
23;7;"['002p5.jpg']";"太陽ビルディング";"tesuto ";"https://www.google.co.jp/maps/place/%E6%9D%B1%E4%BA%AC%E9%83%BD%E6%9D%B1%E4%BA%AC/@35.669107,139.600952,11z/data=!3m1!4b1!4m5!3m4!1s0x60188b857628235d:0xcdd8aef709a2b520!8m2!3d35.7090259!4d139.7319925";"test";"2019-02-18 03:00:09"
24;7;"['002p5.jpg']";"太陽ビルディング";"test";"https://www.google.co.jp/maps/place/%E6%9D%B1%E4%BA%AC%E9%83%BD%E6%9D%B1%E4%BA%AC/@35.669107,139.600952,11z/data=!3m1!4b1!4m5!3m4!1s0x60188b857628235d:0xcdd8aef709a2b520!8m2!3d35.7090259!4d139.7319925";"tedt";"2019-02-18 03:01:24"
25;7;"['002p2.jpg']";"太陽ビルディング";"test";"https://www.google.co.jp/maps/place/%E6%9D%B1%E4%BA%AC%E9%83%BD%E6%9D%B1%E4%BA%AC/@35.669107,139.600952,11z/data=!3m1!4b1!4m5!3m4!1s0x60188b857628235d:0xcdd8aef709a2b520!8m2!3d35.7090259!4d139.7319925";"test";"2019-02-18 03:26:28"
26;7;"['001p5.jpg', '002p2.jpg', '002p5.jpg', '005p2.jpg']";"太陽ビルディング";"テスト";"https://www.google.co.jp/maps/place/%E6%9D%B1%E4%BA%AC%E9%83%BD%E6%9D%B1%E4%BA%AC/@35.669107,139.600952,11z/data=!3m1!4b1!4m5!3m4!1s0x60188b857628235d:0xcdd8aef709a2b520!8m2!3d35.7090259!4d139.7319925";"テスト";"2019-02-18 03:58:47"
